{
  "project_info": {
    "project_number": "226803448107",
    "project_id": "fir-login-df0fb",
    "storage_bucket": "fir-login-df0fb.appspot.com"
  },
  "client": [
    {
      "client_info": {
        "mobilesdk_app_id": "1:226803448107:android:defe8c8509267e1eafad6e",
        "android_client_info": {
          "package_name": "com.example.login"
        }
      },
      "oauth_client": [
        {
          "client_id": "226803448107-puo4cgg5kqcgs32ad74a2pc5pmac3vlc.apps.googleusercontent.com",
          "client_type": 3
        }
      ],
      "api_key": [
        {
          "current_key": "AIzaSyBaiW2fsTyxrL-UcJq8qNiwGgtbijGgWRg"
        }
      ],
      "services": {
        "appinvite_service": {
          "other_platform_oauth_client": [
            {
              "client_id": "226803448107-puo4cgg5kqcgs32ad74a2pc5pmac3vlc.apps.googleusercontent.com",
              "client_type": 3
            }
          ]
        }
      }
    }
  ],
  "configuration_version": "1"
}